챔피언명,직업군,포지션,티어,종합_점수,변화량,승률,포지션_사용률,픽률,밴률,KDA
아트록스,전사,탑,최상위,71.25,-3.39,48.84%,92.28%,7.01%,5.81%,1.85
아리,마법사,미드,최상위,77.12,-5.03,50.90%,95.23%,10.63%,6.47%,2.63
아칼리,암살자,미드,A,55.37,-5.08,48.18%,78.45%,5.99%,8.10%,2.3
아칼리,암살자,탑,C,36.35,-0.6,48.50%,20.39%,1.45%,8.10%,2.06
아크샨,원거리 딜러,미드,B,47.25,-1.5,50.15%,69.32%,2.88%,5.94%,2.16
아크샨,원거리 딜러,탑,C,37.24,0.83,50.87%,22.48%,0.96%,5.94%,1.89
알리스타,탱커,서포터,A,54.33,4.6,51.13%,95.57%,4.58%,1.43%,2.51
아무무,탱커,정글,B,44.96,-0.85,51.16%,66.72%,2.86%,2.10%,2.64
아무무,탱커,서포터,B,40.1,-1.92,51.50%,31.76%,1.10%,2.10%,2.08
애니비아,마법사,미드,A,50.85,-1.84,51.67%,79.48%,2.22%,2.59%,2.84
애니비아,마법사,서포터,D,24.49,-5.76,44.86%,12.07%,0.29%,2.59%,2.07
애니,마법사,미드,A,48.73,-8.33,50.61%,79.68%,2.93%,2.28%,2.34
애니,마법사,서포터,C,36.74,-3.16,50.33%,15.84%,0.60%,2.28%,2.27
아펠리오스,원거리 딜러,원거리 딜러,B,44.69,-23.49,47.44%,97.70%,9.01%,3.11%,1.95
애쉬,원거리 딜러,원거리 딜러,S,67.31,4.14,52.39%,85.21%,15.12%,5.70%,2.45
애쉬,원거리 딜러,서포터,C,37.02,1.58,47.67%,12.55%,2.14%,5.70%,2.06
아우렐리온 솔,마법사,미드,A,54,0.48,51.48%,87.38%,3.50%,5.20%,2.64
아지르,마법사,미드,A,47.51,0.27,48.12%,92.08%,4.37%,1.15%,2.09
바드,서포터,서포터,B,43.6,-2.68,49.55%,95.39%,2.14%,0.31%,2.88
벨베스,전사,정글,A,49.69,1.57,50.60%,89.84%,4.26%,6.09%,2.41
블리츠크랭크,탱커,서포터,최상위,79.03,4.56,50.96%,97.14%,8.78%,23.80%,2.37
브랜드,마법사,서포터,B,41.62,-3.46,49.16%,72.74%,2.96%,3.38%,1.75
브랜드,마법사,미드,B,40.08,5.34,50.52%,19.47%,0.72%,3.38%,2.06
브라움,서포터,서포터,B,47.38,0.89,49.83%,98.48%,3.10%,0.53%,2.79
케이틀린,원거리 딜러,원거리 딜러,B,46.61,-2.93,47.84%,94.39%,8.77%,6.08%,2.12
카밀,전사,탑,A,50.66,-0.83,50.52%,92.99%,3.26%,1.75%,1.94
카시오페아,마법사,미드,B,47.36,-1.15,51.45%,73.55%,2.30%,2.34%,2.16
카시오페아,마법사,탑,C,37.99,-1.37,52.33%,16.69%,0.53%,2.34%,1.95
초가스,탱커,탑,A,51.89,-1.43,51.25%,65.85%,3.06%,1.32%,2.07
초가스,탱커,미드,B,43.75,0.1,51.56%,18.54%,0.76%,1.32%,2.41
코르키,원거리 딜러,미드,C,37.15,-0.31,48.34%,86.30%,0.88%,0.18%,2.19
다리우스,전사,탑,최상위,89.77,2.57,49.01%,92.99%,8.46%,19.04%,1.8
다이애나,전사,미드,B,40.75,-2.3,49.94%,24.93%,1.18%,1.35%,2.13
다이애나,전사,정글,C,39.37,-2.64,48.59%,72.61%,3.35%,1.35%,2.38
문도 박사,원거리 딜러,탑,A,50.46,-2.71,51.84%,85.89%,2.78%,2.61%,1.87
드레이븐,전사,원거리 딜러,A,48.93,-0.17,50.13%,95.95%,6.31%,21.39%,2.14
에코,암살자,정글,A,53.28,2.72,50.55%,63.13%,4.83%,3.14%,2.68
에코,암살자,미드,B,46.68,0.75,50.43%,34.00%,2.52%,3.14%,2.24
엘리스,마법사,정글,C,36.51,1,49.21%,92.93%,1.98%,1.72%,2.71
이블린,암살자,정글,S,57.3,2.59,51.18%,97.95%,4.67%,9.69%,2.95
이즈리얼,원거리 딜러,원거리 딜러,최상위,72.99,-19.84,50.10%,87.80%,19.96%,8.96%,2.49
이즈리얼,원거리 딜러,미드,D,33.67,-7.35,44.02%,10.31%,2.37%,8.96%,1.98
피들스틱,마법사,정글,A,48.92,0.28,51.22%,79.76%,3.48%,3.61%,2.75
피들스틱,마법사,서포터,C,37.61,-0.4,51.49%,12.24%,0.50%,3.53%,2.03
피오라,전사,탑,S,69.54,0.38,51.21%,97.48%,5.55%,13.56%,1.69
피즈,암살자,미드,S,62.51,1.61,51.79%,95.00%,5.92%,9.40%,2.39
갈리오,탱커,미드,B,46.34,0.19,50.84%,75.81%,1.67%,0.33%,2.62
갈리오,탱커,서포터,C,35.96,0.01,50.22%,19.28%,0.38%,0.33%,2.33
갱플랭크,전사,탑,S,58.79,0.16,49.58%,85.39%,4.78%,4.41%,1.95
갱플랭크,전사,미드,B,44.29,1.67,52.23%,13.06%,0.76%,4.41%,2.25
가렌,전사,탑,S,70.64,0.3,50.59%,86.57%,6.36%,2.43%,1.99
나르,전사,탑,B,40.81,-1.82,47.68%,95.79%,2.90%,0.57%,1.8
그라가스,전사,정글,B,45.62,0.69,49.04%,49.51%,3.81%,3.23%,2.8
그라가스,전사,탑,C,38.22,-3.15,46.45%,33.32%,2.67%,3.23%,1.96
그라가스,전사,미드,C,36.71,-1.32,48.01%,10.62%,0.80%,3.23%,2.26
그레이브즈,원거리 딜러,정글,최상위,72.71,1.85,50.77%,91.21%,8.58%,4.98%,2.65
그웬,전사,탑,A,53.66,2.4,49.92%,89.55%,4.22%,2.41%,1.7
헤카림,전사,정글,S,62.04,4.1,50.31%,99.16%,6.21%,11.30%,2.65
하이머딩거,마법사,미드,B,44.22,0.5,52.83%,22.49%,0.78%,1.53%,2.01
하이머딩거,마법사,서포터,C,39.84,-0.65,50.81%,48.93%,1.57%,1.53%,1.92
하이머딩거,마법사,탑,D,33.45,-0.59,50.64%,19.31%,0.66%,1.53%,1.73
일라오이,전사,탑,S,63.63,3.5,51.46%,94.01%,4.89%,12.19%,1.45
이렐리아,전사,탑,A,54.9,0.85,49.67%,51.43%,4.14%,11.20%,1.66
이렐리아,전사,미드,A,49.15,1.54,50.01%,46.91%,3.79%,11.20%,1.82
아이번,서포터,정글,A,51.46,-8.06,51.35%,74.38%,2.99%,5.29%,3.44
아이번,서포터,서포터,D,33.65,-4.87,48.47%,11.09%,0.43%,5.29%,2.5
잔나,서포터,서포터,S,61.02,2.58,52.40%,98.81%,4.92%,1.69%,3.2
자르반 4세,탱커,정글,S,64.68,1.7,51.45%,92.12%,6.06%,2.47%,3.27
잭스,전사,탑,최상위,92.58,-0.44,50.78%,85.77%,8.51%,17.43%,1.71
잭스,전사,정글,D,32.93,4.29,50.57%,11.25%,1.10%,17.43%,2.14
제이스,전사,탑,A,54.24,-1.01,49.48%,66.06%,4.29%,2.77%,1.82
제이스,전사,미드,B,45.75,0.7,50.87%,31.85%,2.10%,2.77%,2.16
진,원거리 딜러,원거리 딜러,S,59.38,-16.54,50.41%,95.81%,11.46%,4.05%,2.82
징크스,원거리 딜러,원거리 딜러,A,48.29,-4.48,49.15%,98.11%,8.47%,1.44%,2.24
크산테,전사,탑,S,59.69,-2.15,45.25%,87.99%,6.48%,5.83%,1.82
카이사,원거리 딜러,원거리 딜러,최상위,92.98,3.24,51.40%,91.68%,28.67%,11.96%,2.48
칼리스타,원거리 딜러,원거리 딜러,C,34.73,6.99,47.64%,88.59%,2.28%,0.68%,2.12
카르마,마법사,서포터,A,50.43,-0.38,48.00%,89.34%,5.10%,0.93%,2.55
카서스,마법사,원거리 딜러,B,46.76,6.48,54.12%,34.38%,1.84%,5.94%,2.27
카서스,마법사,미드,B,42.52,3.23,51.76%,10.07%,0.47%,5.94%,2.25
카서스,마법사,정글,C,38.01,-1.81,49.56%,48.67%,2.31%,5.94%,2.46
카사딘,암살자,미드,B,45.87,-1.12,50.38%,95.52%,1.92%,3.09%,2.5
카타리나,암살자,미드,S,64.8,2.24,49.37%,95.10%,7.86%,12.01%,2.24
케일,전사,탑,S,59.91,-2.81,52.36%,84.12%,4.17%,2.69%,1.83
케일,전사,미드,B,47.19,-0.96,54.21%,13.41%,0.60%,2.69%,2.22
케인,전사,정글,최상위,83.56,7.31,51.06%,93.96%,10.28%,10.65%,2.45
케넨,마법사,탑,C,38.75,-6.52,48.76%,80.59%,2.03%,1.97%,1.88
케넨,마법사,미드,C,37.55,-3.41,49.12%,14.67%,0.39%,1.97%,2.29
카직스,암살자,정글,최상위,89.93,-3.1,51.13%,99.12%,10.10%,19.44%,2.64
킨드레드,원거리 딜러,정글,최상위,73.66,-12.38,51.32%,96.38%,7.20%,19.82%,2.31
클레드,전사,탑,A,48.26,-0.11,52.16%,88.41%,1.98%,1.33%,2.21
코그모,원거리 딜러,원거리 딜러,B,42.51,8.28,51.88%,89.95%,2.34%,2.26%,2.13
르블랑,암살자,미드,S,66.02,-21.94,49.58%,90.18%,6.61%,18.83%,2.74
리 신,전사,정글,최상위,91.03,13.94,47.95%,92.93%,13.32%,7.59%,2.67
레오나,탱커,서포터,S,57.54,-0.02,51.01%,98.61%,5.49%,3.77%,2.39
릴리아,전사,정글,A,51.06,0.54,51.41%,87.66%,3.89%,2.04%,2.75
리산드라,마법사,미드,A,47.5,-3.35,49.79%,92.35%,2.95%,1.40%,2.4
루시안,원거리 딜러,원거리 딜러,B,45.63,-7.42,48.67%,92.80%,7.36%,2.30%,2.22
룰루,서포터,서포터,S,59.04,-0.46,47.93%,97.34%,6.64%,6.75%,2.85
럭스,마법사,서포터,최상위,84.82,7.57,50.00%,64.68%,11.55%,11.12%,2.36
럭스,마법사,미드,S,60.79,-0.11,51.03%,31.83%,5.03%,11.12%,2.87
말파이트,탱커,탑,최상위,83.04,-1.26,51.43%,72.61%,6.62%,13.84%,2.48
말파이트,탱커,미드,B,46.92,-1.33,52.00%,12.29%,1.12%,13.84%,2.55
말파이트,탱커,서포터,D,30.04,-4.96,46.11%,11.74%,1.09%,13.79%,1.99
말자하,마법사,미드,A,51.78,-1.03,50.78%,89.78%,3.73%,5.55%,2.27
마오카이,탱커,정글,A,52.39,1,51.84%,64.48%,3.61%,1.08%,3.05
마오카이,탱커,서포터,B,46.53,5.55,54.49%,18.87%,1.01%,1.08%,2.37
마오카이,탱커,탑,B,43.6,2.19,52.33%,15.61%,0.89%,1.08%,2.44
마스터 이,암살자,정글,최상위,71.87,-1.37,49.70%,91.72%,7.90%,19.09%,2.06
밀리오,서포터,서포터,최상위,81.15,-11.18,50.52%,99.51%,8.81%,18.76%,3.39
미스 포츈,원거리 딜러,원거리 딜러,S,60.44,-4.87,51.75%,91.94%,12.21%,4.64%,2.31
모데카이저,전사,탑,최상위,72.79,-1.18,49.87%,85.39%,6.38%,11.25%,1.83
모르가나,마법사,서포터,S,64.13,5.31,49.29%,89.62%,5.96%,24.57%,2.36
나미,서포터,서포터,A,52.82,-2.31,49.25%,99.39%,4.70%,0.46%,2.93
나서스,전사,탑,S,66.24,-5.88,51.40%,81.24%,5.26%,5.33%,1.92
나서스,전사,미드,B,42.5,1,51.71%,11.60%,0.58%,5.33%,2.2
노틸러스,탱커,서포터,최상위,87.81,8.42,50.82%,96.15%,11.97%,14.67%,2.3
니코,마법사,미드,A,54.1,-11.96,51.61%,47.72%,3.25%,15.44%,2.51
니코,마법사,서포터,B,44.74,-2.19,49.94%,37.24%,2.75%,15.44%,2.02
니달리,암살자,정글,A,54.05,6.14,48.74%,90.77%,5.29%,5.70%,2.92
닐라,원거리 딜러,원거리 딜러,B,45.72,5.1,52.55%,97.23%,3.03%,5.33%,2.25
녹턴,암살자,정글,A,56.43,3.43,51.84%,94.08%,4.79%,4.66%,2.65
누누와 윌럼프,탱커,정글,B,42.05,-2.96,48.11%,90.95%,3.81%,0.92%,2.66
올라프,전사,탑,A,48.79,0.53,51.34%,86.29%,2.82%,3.77%,1.74
올라프,전사,정글,D,22.96,-3.37,48.21%,10.80%,0.31%,3.77%,2.17
오리아나,마법사,미드,A,50.56,-0.15,50.69%,89.37%,2.87%,0.27%,2.76
오른,탱커,탑,S,60.18,-1.99,50.28%,93.53%,4.40%,1.16%,2.4
판테온,전사,미드,A,49.94,-2.96,51.30%,32.08%,2.89%,5.56%,2.29
판테온,전사,탑,A,49.25,3.86,50.86%,32.83%,2.70%,5.56%,2.03
판테온,전사,서포터,C,36.47,1.46,47.40%,25.58%,2.33%,5.56%,1.85
뽀삐,탱커,탑,A,49.74,0.42,51.66%,42.02%,2.35%,2.98%,2.21
뽀삐,탱커,정글,B,44.39,0.46,50.70%,49.46%,2.64%,2.98%,2.89
파이크,서포터,서포터,S,67.1,4.07,49.12%,95.33%,8.26%,12.75%,2.16
키아나,암살자,미드,A,47.41,5.15,50.02%,82.89%,3.10%,1.14%,2.2
키아나,암살자,정글,D,20.78,-2.99,46.71%,11.00%,0.39%,1.14%,2.34
퀸,원거리 딜러,탑,A,49.07,5.45,52.52%,80.07%,2.25%,1.36%,1.97
퀸,원거리 딜러,미드,B,44.2,-2.63,52.97%,11.23%,0.29%,1.36%,2.28
라칸,서포터,서포터,최상위,70.91,3.7,51.57%,98.95%,8.24%,1.93%,2.9
람머스,탱커,정글,A,49.63,-1.58,51.87%,80.90%,2.69%,8.45%,3.11
람머스,탱커,탑,D,30.44,-3.91,50.24%,15.06%,0.43%,8.45%,1.61
렉사이,전사,정글,S,69.23,-9.71,52.87%,91.38%,5.50%,18.74%,2.79
렐,탱커,서포터,최상위,80.81,11.71,54.34%,85.97%,7.93%,13.06%,2.95
렐,탱커,정글,B,46.63,0,52.51%,13.00%,1.15%,13.06%,3.58
레나타 글라스크,서포터,서포터,B,44.57,-0.25,51.03%,98.68%,1.93%,0.50%,2.64
레넥톤,전사,탑,최상위,77.61,12.07,50.03%,91.06%,7.64%,3.83%,1.9
렝가,암살자,정글,S,62.69,0.83,49.97%,82.23%,5.92%,21.29%,2.37
렝가,암살자,탑,C,39.96,-1.09,50.65%,14.21%,1.06%,21.29%,2.02
리븐,전사,탑,A,55.5,0.6,50.19%,89.32%,4.32%,1.51%,1.81
럼블,전사,미드,B,47.23,6.27,53.20%,18.85%,0.65%,1.37%,2.58
럼블,전사,탑,B,45.51,3.43,50.28%,65.29%,2.31%,1.37%,2.12
럼블,전사,정글,D,31.2,2.43,49.62%,13.22%,0.47%,1.37%,2.86
라이즈,마법사,미드,B,45.59,-0.42,50.26%,82.64%,2.18%,0.23%,2.35
라이즈,마법사,탑,C,35.71,-1.31,51.59%,14.87%,0.41%,0.23%,1.98
사미라,원거리 딜러,원거리 딜러,S,57.04,-4.91,49.47%,97.60%,10.77%,21.63%,2.19
세주아니,탱커,정글,A,49.91,3.2,50.44%,85.88%,3.52%,0.72%,3.27
세나,원거리 딜러,서포터,S,62.66,1.54,50.84%,91.84%,6.86%,2.56%,2.51
세라핀,마법사,서포터,A,52.34,0.66,49.76%,66.64%,4.81%,1.33%,2.45
세라핀,마법사,원거리 딜러,A,49.21,9.81,53.81%,22.28%,1.28%,1.33%,3
세라핀,마법사,미드,B,46.72,1.94,51.81%,10.71%,0.75%,1.33%,2.93
세트,전사,탑,S,65.36,0.03,49.81%,82.55%,6.05%,3.17%,1.69
샤코,암살자,정글,S,58.88,-1.71,48.97%,74.03%,5.60%,16.77%,2.7
샤코,암살자,서포터,C,36.03,-2.37,47.60%,18.41%,1.43%,16.77%,2.29
쉔,탱커,탑,S,57.59,1.12,51.53%,82.25%,2.91%,0.46%,2.95
쉔,탱커,서포터,D,30.62,-3.85,46.95%,10.97%,0.38%,0.46%,2.52
쉬바나,전사,정글,D,31.35,-1.37,49.07%,81.87%,1.34%,0.34%,2.44
쉬바나,전사,탑,D,28.01,1.2,49.04%,11.87%,0.21%,0.40%,1.88
신지드,탱커,미드,A,48.88,0,54.30%,10.14%,0.22%,0.41%,2.79
신지드,탱커,탑,B,40.16,0.15,50.48%,77.44%,1.56%,0.43%,1.97
사이온,탱커,탑,S,57,-5.09,49.47%,78.90%,4.99%,2.62%,1.62
사이온,탱커,미드,C,35.89,-2.49,50.31%,10.70%,0.66%,2.62%,1.32
시비르,원거리 딜러,원거리 딜러,B,42.9,6.74,50.57%,97.18%,3.20%,0.65%,2.37
스카너,전사,정글,C,38.1,2.14,52.13%,78.56%,0.86%,0.20%,2.72
스카너,전사,탑,D,30.61,2.28,49.34%,16.44%,0.14%,0.18%,2.21
소나,서포터,서포터,A,53.15,1.33,52.29%,97.95%,3.36%,0.19%,2.85
소라카,서포터,서포터,S,60.35,1.97,51.66%,96.76%,5.62%,1.61%,2.77
스웨인,마법사,원거리 딜러,A,50.89,0,55.50%,11.54%,0.51%,2.91%,2.98
스웨인,마법사,미드,A,49.53,2.35,52.94%,24.19%,1.29%,2.91%,2.72
스웨인,마법사,서포터,A,49.45,2.38,50.54%,57.41%,3.69%,2.91%,2.34
사일러스,마법사,미드,A,55.65,0.17,49.23%,57.23%,5.79%,8.24%,2.13
사일러스,마법사,정글,C,39.44,-0.52,48.69%,30.22%,3.05%,8.24%,2.4
신드라,마법사,미드,A,56.32,2.63,50.55%,92.20%,5.32%,2.87%,2.29
탐 켄치,서포터,탑,C,38.72,-1.8,48.00%,62.72%,1.84%,0.89%,2.32
탐 켄치,서포터,서포터,C,34.87,-5.55,49.08%,27.70%,0.74%,0.96%,2.25
탈리야,마법사,미드,B,44.88,2.15,51.60%,62.89%,1.24%,0.34%,2.32
탈리야,마법사,정글,D,33.28,2.33,50.82%,23.12%,0.45%,0.34%,2.75
탈론,암살자,미드,A,52.37,0.53,51.25%,71.73%,3.76%,2.44%,2.29
탈론,암살자,정글,D,33.38,-1.72,49.56%,24.97%,1.39%,2.44%,2.51
타릭,서포터,서포터,A,47.44,-1.88,52.17%,91.80%,1.96%,0.42%,2.78
티모,원거리 딜러,탑,S,58.84,-1.71,50.72%,70.59%,4.37%,7.02%,1.72
티모,원거리 딜러,서포터,D,30.82,-4.14,47.98%,10.89%,0.72%,7.69%,1.73
쓰레쉬,서포터,서포터,최상위,91.09,6.4,50.65%,95.92%,13.79%,5.98%,2.58
트리스타나,원거리 딜러,미드,B,47.21,4.01,50.67%,31.64%,2.91%,3.62%,1.99
트리스타나,원거리 딜러,원거리 딜러,B,44.29,3.9,49.03%,63.87%,6.15%,3.62%,2.2
트런들,전사,정글,C,39.07,0.94,50.87%,63.74%,1.84%,0.99%,2.6
트런들,전사,탑,C,35.29,-1.63,51.56%,31.04%,0.80%,0.99%,1.58
트린다미어,전사,미드,B,41.47,1.77,51.99%,11.30%,0.32%,2.05%,2.07
트린다미어,전사,탑,B,40.25,-0.88,49.36%,79.39%,2.21%,2.05%,1.75
트위스티드 페이트,마법사,미드,B,43.98,-0.59,48.43%,89.24%,3.00%,0.27%,2.17
트위치,원거리 딜러,원거리 딜러,B,46.23,3.18,51.04%,76.30%,4.53%,4.54%,2.37
트위치,원거리 딜러,서포터,D,33.25,0.76,48.49%,12.59%,0.77%,4.54%,2.08
우디르,전사,정글,C,39.12,0.8,49.90%,80.64%,2.45%,2.10%,2.5
우디르,전사,탑,D,32.19,2.43,50.58%,16.87%,0.52%,2.10%,1.7
우르곳,전사,탑,B,46.28,0.42,50.96%,90.93%,2.41%,1.00%,1.94
바루스,원거리 딜러,원거리 딜러,B,45.2,-1.82,49.65%,76.66%,6.08%,2.39%,2.21
바루스,원거리 딜러,탑,D,28.59,-14.81,47.32%,13.88%,1.11%,2.39%,1.71
베인,원거리 딜러,원거리 딜러,B,44.25,3.85,49.37%,81.02%,6.32%,4.53%,2.02
베인,원거리 딜러,탑,C,35.52,4.94,50.52%,15.47%,1.21%,4.53%,1.55
베이가,마법사,미드,A,54.59,-3.66,50.59%,73.42%,4.86%,3.97%,2.17
베이가,마법사,원거리 딜러,C,39.26,7.06,51.16%,13.32%,0.82%,3.97%,2.22
베이가,마법사,서포터,D,28.09,0,46.50%,10.67%,0.70%,4.32%,1.8
벨코즈,마법사,미드,B,44.1,2.21,51.38%,29.58%,0.70%,0.41%,2.6
벨코즈,마법사,서포터,B,41.32,1.55,50.97%,65.61%,1.66%,0.41%,2.14
벡스,마법사,미드,A,50.2,-2.15,50.60%,93.02%,3.28%,3.76%,2.37
바이,전사,정글,B,42.18,-13.38,48.51%,94.59%,4.05%,1.94%,2.3
비에고,암살자,정글,S,70.33,5.05,49.72%,95.17%,9.12%,2.56%,2.47
빅토르,마법사,미드,A,54.13,2.05,51.34%,94.35%,4.28%,2.41%,2.27
블라디미르,마법사,미드,A,54.65,3.61,51.53%,77.73%,3.96%,5.95%,2.42
블라디미르,마법사,탑,C,34.53,-0.44,49.13%,20.15%,0.99%,5.95%,2.05
볼리베어,전사,탑,C,36.96,-0.57,48.43%,61.85%,2.17%,0.63%,1.64
볼리베어,전사,정글,D,33.68,-1.42,50.15%,32.98%,1.02%,0.63%,2.64
워윅,전사,정글,A,49.91,-3.99,50.07%,68.71%,4.74%,5.18%,2.17
워윅,전사,탑,C,36.27,-3.06,49.47%,28.10%,1.42%,5.18%,1.79
오공,전사,정글,C,38.79,-4.57,49.13%,75.46%,2.62%,1.25%,2.64
오공,전사,탑,D,33.59,0.72,49.92%,18.56%,0.58%,1.25%,2.06
자야,원거리 딜러,원거리 딜러,A,52.38,1.57,49.83%,98.94%,9.73%,3.88%,2.3
제라스,마법사,서포터,A,53.03,0.58,51.26%,70.80%,4.09%,4.04%,2.48
제라스,마법사,미드,A,48.19,-2.63,50.81%,26.08%,1.44%,4.04%,3.13
신 짜오,전사,정글,C,38.19,0.99,50.34%,84.64%,2.40%,0.41%,2.25
야스오,전사,미드,최상위,85.15,-2.72,48.78%,69.95%,12.73%,21.08%,1.76
야스오,전사,탑,B,43.76,-2.39,47.51%,17.19%,2.96%,21.08%,1.49
야스오,전사,원거리 딜러,B,40.1,7.72,50.87%,11.31%,1.89%,21.08%,2.01
요네,암살자,미드,S,58.02,-1.12,49.25%,54.68%,6.82%,7.36%,1.89
요네,암살자,탑,S,57.2,1.88,49.34%,41.19%,4.81%,7.36%,1.63
요릭,전사,탑,A,48.83,0.63,51.68%,88.56%,2.92%,4.03%,1.52
유미,서포터,서포터,S,69.04,-4.32,46.68%,98.78%,7.67%,14.06%,4.18
자크,탱커,정글,A,53.35,0.93,51.77%,71.96%,3.11%,2.51%,3.59
자크,탱커,탑,B,44.32,-2.26,52.47%,13.44%,0.66%,2.51%,2.69
제드,암살자,미드,최상위,90.84,2.83,50.02%,84.93%,11.50%,30.48%,2.26
제리,원거리 딜러,원거리 딜러,C,39.89,0.19,48.18%,89.31%,4.21%,3.23%,2.27
직스,마법사,미드,B,43.66,4.37,50.11%,55.93%,1.67%,0.41%,2.34
직스,마법사,원거리 딜러,B,41.4,7.33,51.54%,30.60%,0.83%,0.41%,2.48
직스,마법사,서포터,D,31.09,-3.87,48.43%,12.71%,0.37%,0.42%,1.98
질리언,서포터,미드,A,52.02,4.9,53.91%,13.72%,0.31%,0.76%,3.52
질리언,서포터,서포터,B,45.21,1.15,50.12%,82.08%,2.11%,0.76%,3.03
조이,마법사,미드,A,49.82,1.34,50.44%,86.34%,2.98%,1.93%,2.6
조이,마법사,서포터,D,32.21,-1.45,48.67%,11.43%,0.40%,1.97%,2.11
자이라,마법사,서포터,B,46.64,-0.95,51.44%,90.88%,2.87%,1.96%,2.06
